thickness_mm,method,duration_s_mean,duration_s_std,duration_s_min,duration_s_max,duration_s_count,peak_force_N_mean,peak_force_N_std,peak_force_N_min,peak_force_N_max,duration_cv,duration_s_uncertainty,peak_force_N_uncertainty
4.0,threshold,0.2560000000000002,0.005477225575051663,0.25,0.26000000000000023,5,6.5423072597070115,0.6074548241280388,5.868751307678114,7.348081086382354,0.02139541240254554,0.0050000000000001155,0.7396648893521203
40.0,threshold,0.27799999999999986,0.004472135954999487,0.27,0.2799999999999998,5,5.333113139483379,0.08284762976628889,5.197125082850037,5.402604960740129,0.01608681998201255,0.004999999999999893,0.1027399389450463
52.0,threshold,0.27999999999999997,0.007071067811865481,0.27,0.29000000000000004,5,4.741144971668951,0.19113273674994674,4.432867443364045,4.900415998625515,0.025253813613805295,0.010000000000000009,0.23377427763073522
