thickness_mm,method,duration_s_mean,duration_s_std,duration_s_min,duration_s_max,duration_s_count,peak_force_N_mean,peak_force_N_std,duration_cv
4.0,threshold,0.2320000000000002,0.010954451150102927,0.22000000000000064,0.2400000000000002,5,6.542307259707021,0.6074548241280399,0.04721746185389188
28.0,threshold,0.41,0.022360679774998015,0.39999999999999947,0.4500000000000002,5,3.2159571195386647,0.10560411576626819,0.0545382433536537
40.0,threshold,0.2539999999999999,0.005477225575051342,0.25,0.26000000000000023,5,5.333113139483387,0.08284762976628927,0.021563880216737576
52.0,threshold,0.25599999999999995,0.005477225575051627,0.25,0.26000000000000023,5,4.741144971668957,0.19113273674994732,0.02139541240254542
