Run,Peak |Force| (N),Time at Peak (s),Offset dt (s) vs reference,Applied Shift (s)
Run 1,3.3849090263200003,3.58,0.0,-0.0
Run 2,3.6905183009800004,3.71,0.1299999999999999,-0.1299999999999999
Run 3,3.81237516366,3.82,0.23999999999999977,-0.23999999999999977
Run 4,3.6286227516800005,3.83,0.25,-0.25
Latest,3.7214660756300004,2.73,-0.8500000000000001,0.8500000000000001
